erc,first_commit_date,last_modified,commit_count,distinct_committers,date_draft,date_review,date_last_call,date_final,date_stagnant,date_withdrawn,time_to_final
20,2017-07-13,2023-12-13,27,17,,,,2018-04-20,,,883
55,2017-06-24,2023-10-25,25,14,,,,2018-04-20,,,827
67,2022-07-26,2023-10-25,2,2,,,,,,2022-07-26,
137,2017-05-13,2023-10-25,13,6,,,,2018-03-21,,,716
162,2017-05-11,2023-10-25,20,10,,,,2018-03-21,,,512
165,2018-02-13,2023-10-25,40,11,2018-03-21,,,2018-04-20,,,87
173,2018-06-08,2023-10-25,12,5,2018-06-08,,2020-08-22,2022-07-09,,,1493
181,2017-05-13,2023-10-25,10,4,,,,2018-03-21,,,475
190,2017-02-02,2023-10-25,16,7,,,,2018-03-21,,,435
191,2018-04-05,2023-10-25,14,9,2018-04-09,2021-04-15,2021-04-15,2021-05-19,,,1946
205,2018-09-13,2023-10-25,6,5,2018-09-13,,,,2021-09-26,,
223,2023-03-06,2025-07-18,23,4,2023-03-06,2023-08-03,2023-08-19,2023-09-06,,,2317
600,2019-03-19,2023-10-25,6,5,2019-03-19,,2020-06-09,2020-07-24,,,1198
601,2019-03-19,2025-10-15,7,5,2019-03-19,,2020-06-09,2020-07-24,,,1198
634,2018-09-13,2023-10-25,13,6,2018-09-13,,,,2021-10-16,,
681,2017-08-01,2023-10-25,32,6,2018-03-21,2020-12-31,2021-01-23,2021-04-26,,,1364
721,2018-01-24,2025-05-14,95,21,2018-03-21,,2018-06-04,2018-06-22,,,149
725,2018-05-02,2023-10-25,24,13,2018-05-02,,,,2022-11-18,,
777,2018-04-06,2024-03-14,37,9,2018-04-06,,2019-04-16,2019-05-07,,,533
801,2017-12-17,2023-10-25,10,5,2018-03-21,,,,2022-03-19,,
820,2018-04-06,2023-10-25,28,9,2018-04-06,,2018-09-19,2019-01-09,,,369
823,2018-04-30,2023-10-25,11,7,2018-04-30,,,,2021-10-16,,
831,2018-01-15,2023-10-25,19,8,2018-03-21,2022-08-08,,,2021-10-16,,
838,2024-07-09,2024-07-09,1,1,2024-07-09,,,,,,
875,2018-10-15,2023-10-25,8,6,2018-10-15,,2019-07-03,,,2020-11-05,
884,2018-03-29,2023-10-25,10,8,2018-03-29,,,,2021-10-16,,
897,2018-04-22,2023-10-25,7,5,2018-04-22,,,,2022-03-19,,
900,2018-03-27,2023-10-25,6,6,2018-03-27,,,2018-03-27,2021-10-16,,33
902,2018-04-24,2023-10-25,6,5,2018-04-24,,,,2021-10-16,,
918,2018-04-24,2023-10-25,15,6,2018-04-24,,,,2021-10-16,,
926,2018-03-12,2023-10-25,10,7,2018-05-02,,,,2021-10-16,,
927,2018-03-12,2023-10-25,9,6,2018-05-02,,,,2021-10-16,,
998,2018-07-24,2024-04-05,23,11,2018-07-24,,,,2022-11-18,,
1046,2018-05-06,2024-06-20,13,7,2018-05-06,2023-02-24,2023-02-27,2023-03-17,2021-10-09,,1799
1056,2019-07-26,2025-03-20,8,8,2019-07-26,,,,2021-10-09,,
1062,2018-05-07,2024-06-20,6,6,2018-05-07,,,,2021-10-09,,
1066,2018-05-15,2024-09-27,18,10,2018-05-15,,2019-02-10,,2021-10-09,,
1077,2018-05-15,2024-09-27,17,12,2018-05-15,,,,2021-10-09,,
1078,2018-05-17,2024-12-09,11,8,2018-05-17,,,,2021-10-09,,
1080,2018-05-15,2023-10-25,7,6,2018-05-15,,,,2021-10-16,,
1081,2018-07-31,2024-09-27,9,6,2019-03-02,,,,2021-10-09,,
1123,2018-06-04,2025-06-18,14,9,2018-06-04,,,,,2020-11-05,
1129,2018-06-18,2024-07-17,6,6,2018-06-18,,,,2021-10-16,,
1132,2018-08-18,2024-04-05,7,6,2018-08-18,,,,2021-10-16,,
1154,2018-06-28,2023-10-25,8,4,2018-06-28,,,,,2020-11-05,
1155,2018-06-25,2023-10-25,72,14,2018-06-25,,2019-03-12,2019-06-16,,,364
1167,2018-06-22,2023-10-25,15,8,2018-06-22,,2018-08-03,2018-09-03,,,73
1175,2018-06-25,2023-10-25,7,5,2018-06-25,,,,2021-10-16,,
1178,2018-06-24,2023-10-25,6,5,2018-06-24,,,,2021-10-16,,
1185,2018-10-19,2026-05-12,8,5,2018-10-19,2023-06-01,,,2021-10-16,,
1191,2018-07-11,2023-10-25,14,7,2018-07-11,,2019-10-31,,,,
1202,2018-07-21,2026-04-10,15,6,2018-07-21,2025-10-22,,,,,
1203,2018-07-17,2023-10-25,5,5,2018-07-17,,,,2021-10-16,,
1207,2018-07-17,2023-10-25,4,4,2018-07-17,,,,2021-10-16,,
1261,2018-07-31,2023-10-25,16,8,2018-07-31,,,,2021-10-16,,
1271,2018-08-02,2023-10-25,25,10,2018-08-02,2021-06-29,2021-07-09,2022-01-28,,,1283
1319,2018-08-28,2023-10-25,9,7,2018-08-28,,,,2021-10-16,,
1328,2018-08-28,2024-02-13,13,6,2018-08-28,2022-07-18,2024-01-24,2024-02-13,2021-10-16,,2008
1337,2020-07-15,2023-10-25,5,3,2020-07-15,,,,2021-10-16,,
1363,2020-04-26,2024-03-05,9,4,2020-04-26,,2020-09-13,2020-10-28,,,790
1386,2018-10-17,2023-10-25,4,4,2018-10-17,,,,2021-10-16,,
1387,2018-10-17,2023-10-25,4,4,2018-10-17,,,,2021-09-19,,
1388,2018-10-17,2023-10-25,5,5,2018-10-17,,,,2021-09-10,,
1417,2018-11-06,2023-10-25,8,7,2018-11-06,,,,2021-10-16,,
1438,2018-10-15,2023-10-25,6,5,2018-10-15,,,,2021-10-16,,
1444,2018-10-15,2024-04-05,10,8,2018-10-15,,,,2021-10-16,,
1450,2018-10-15,2026-06-23,15,9,2018-10-15,2026-06-11,2026-06-23,,2021-10-16,,
1462,2018-10-15,2023-10-25,8,7,2018-10-15,,,,2021-10-16,,
1484,2018-10-17,2023-10-25,13,7,2018-10-17,,,,2021-09-26,,
1491,2018-10-15,2023-10-25,8,7,2018-10-15,,,,2021-09-26,,
1504,2019-07-11,2023-10-25,8,6,2019-07-11,,,,2022-03-19,,
1523,2019-05-20,2023-10-25,7,5,2019-05-20,,,,2021-09-26,,
1538,2019-03-28,2023-10-25,9,5,2019-03-28,,,,,2020-11-05,
1577,2018-11-13,2023-10-25,14,7,2018-11-13,,,,2021-09-26,,
1581,2018-11-27,2025-06-18,8,7,2018-11-27,2021-10-09,,,2022-04-30,,
1592,2018-11-18,2023-10-25,9,7,2018-11-18,,,,2021-09-26,,
1613,2018-12-11,2023-10-25,16,10,2018-12-11,,,,2021-09-26,,
1616,2018-12-07,2023-10-25,8,6,2018-12-07,,,,2022-03-19,,
1620,2019-03-10,2023-10-25,8,5,2019-03-10,,,,2022-03-19,,
1633,2021-03-11,2023-10-25,4,4,2021-03-11,,,,2021-09-26,,
1710,2019-05-19,2023-10-25,6,6,2019-05-19,,,,2021-09-26,,
1753,2019-07-02,2023-10-25,10,6,2019-07-02,,,,2022-01-15,,
1761,2019-03-11,2023-10-25,10,6,2019-03-11,,,,2022-03-19,,
1775,2019-05-05,2023-10-25,12,6,2019-05-05,,,,2021-09-26,,
1812,2019-03-10,2023-10-25,8,7,2019-03-10,,,,2021-09-26,,
1820,2019-03-08,2023-10-25,13,8,2019-03-08,,2019-03-22,2019-04-07,,,34
1822,2019-03-04,2023-10-25,13,7,2019-03-04,,,,2021-09-26,,
1844,2019-03-15,2023-10-25,6,5,2019-03-15,,,,2021-09-26,,
1900,2019-07-07,2023-10-25,4,4,2019-07-07,,,,2021-09-26,,
1921,2019-11-22,2023-10-25,5,5,2019-11-22,,,,2021-09-26,,
1922,2019-04-11,2025-03-14,8,7,2019-04-11,,,,2021-09-26,,
1923,2019-04-11,2025-03-14,7,7,2019-04-11,,,,2021-09-26,,
1948,2019-06-27,2023-10-25,5,5,2019-06-27,,,,2021-09-26,,
1967,2019-06-27,2023-10-25,16,7,2019-06-27,2021-12-06,2022-04-07,2022-05-17,,,1119
1973,2019-04-27,2023-10-25,6,5,2019-04-27,,,,2021-09-26,,
1996,2019-11-22,2023-10-25,5,5,2019-11-22,,,,2021-09-26,,
2009,2019-11-23,2023-10-25,7,6,2019-11-23,,,,2021-09-26,,
2018,2019-11-22,2023-10-25,5,5,2019-11-22,,,,2021-09-26,,
2019,2019-11-23,2024-04-05,6,6,2019-11-23,,,,2021-09-26,,
2020,2019-12-02,2023-10-25,6,6,2019-12-02,,,,2021-09-26,,
2021,2019-11-23,2024-04-05,6,6,2019-11-23,,,,2021-09-26,,
2098,2019-12-16,2023-10-25,11,8,2019-12-16,2021-06-23,2022-02-04,2022-04-07,2022-01-08,,1120
2135,2019-07-22,2024-05-23,14,7,2019-07-22,2022-09-22,2023-01-17,2023-08-02,,,1501
2157,2019-07-10,2023-10-25,5,5,2019-07-10,,,,2021-09-26,,
2193,2019-07-18,2023-10-25,7,6,2019-07-18,,,,2021-09-26,,
2266,2019-10-05,2023-10-25,10,5,2019-10-05,,2020-09-09,,,,
2304,2019-10-02,2024-04-05,11,7,2019-10-02,,,,2021-09-26,,
2309,2019-10-25,2024-05-23,14,9,2019-10-25,,2020-07-25,2020-09-09,,,337
2333,2019-11-25,2025-10-14,15,9,2019-11-25,2025-10-14,,,2022-01-15,,
2334,2019-11-26,2025-10-14,10,8,2019-11-26,2025-10-14,,,2022-11-16,,
2335,2019-12-02,2025-10-14,11,9,2019-12-02,2025-10-14,,,2021-09-26,,
2386,2020-09-11,2023-10-25,4,4,2020-09-11,,,,2021-09-26,,
2390,2020-09-13,2023-10-25,4,4,2020-09-13,,,,2021-09-26,,
2400,2019-12-20,2023-10-25,7,5,2019-12-20,2022-07-22,,,2021-09-26,,
2470,2020-03-30,2023-10-25,7,6,2020-03-30,,,,2021-09-26,,
2477,2020-02-12,2023-10-25,9,5,2020-02-12,,,,2021-09-26,,
2494,2020-09-09,2023-10-25,6,5,2020-09-09,,,,2021-09-26,,
2520,2020-11-02,2023-10-25,4,4,2020-11-02,,,,2021-09-26,,
2525,2020-03-12,2023-10-25,5,4,2020-03-12,,,,2021-09-26,,
2535,2020-07-18,2023-10-25,77,7,2020-07-18,2021-07-26,2021-08-01,2022-10-19,,,970
2544,2020-03-02,2023-10-25,7,6,2020-03-02,,,,2021-09-26,,
2569,2020-07-17,2023-10-25,10,5,2020-07-17,,,,2021-09-26,,
2612,2020-08-27,2023-11-15,15,12,2020-08-27,2022-02-09,2022-09-22,2022-11-01,2021-10-16,,932
2615,2020-06-20,2024-05-23,6,5,2020-06-20,,,,2021-10-16,,
2645,2020-12-03,2025-03-20,8,8,2020-12-03,,,,2021-10-16,,
2678,2018-06-04,2024-04-05,21,9,2018-06-04,2020-12-22,2021-03-09,2021-04-15,,,324
2680,2020-10-31,2023-10-25,5,5,2020-10-31,,,,2021-10-16,,
2746,2020-07-18,2023-10-25,10,5,2020-07-18,,,,2021-10-16,,
2767,2020-07-18,2023-10-25,7,5,2020-07-18,,,,2021-10-16,,
2770,2021-02-22,2026-06-09,5,4,2021-02-22,,,,2021-10-16,2026-06-09,
2771,2020-08-07,2023-10-25,17,7,2020-08-07,2022-10-19,2023-01-06,2023-01-21,2022-01-22,,934
2848,2020-08-04,2023-10-25,10,4,2020-08-04,,,,2022-03-19,,
2876,2020-08-13,2023-10-25,6,5,2020-08-13,,,,2021-09-26,,
2917,2020-08-30,2024-04-05,5,5,2020-08-30,,,,2021-10-16,,
2942,2020-09-09,2023-10-25,4,4,2020-09-09,,,,2021-10-16,,
2980,2020-10-19,2023-10-25,6,4,2020-10-19,2022-01-26,,,2021-10-16,,
2981,2020-09-22,2023-10-25,18,6,2020-09-22,2021-06-18,2021-07-08,2021-07-24,,,312
3000,2020-10-14,2023-10-25,6,5,2020-10-14,,,,2021-10-16,,
3005,2020-09-30,2023-10-25,5,4,2020-09-30,,,,2021-10-16,,
3009,2020-09-30,2025-10-09,8,6,2020-09-30,,,,2021-10-16,,
3135,2020-12-03,2023-10-25,5,4,2020-12-03,,,,2021-10-16,,
3156,2020-12-08,2023-10-25,21,7,2020-12-08,2021-01-15,2021-02-03,2021-02-24,,,101
3224,2021-02-17,2023-10-25,6,4,2021-02-17,,,,2021-10-16,,
3234,2021-02-01,2023-10-25,7,5,2021-02-01,,,,2021-10-30,,
3386,2021-05-18,2023-10-25,4,4,2021-05-18,,,,2021-12-04,,
3440,2021-05-13,2023-10-25,4,4,2021-05-13,,,,2021-12-04,,
3448,2021-06-02,2024-05-23,9,4,2021-06-02,2021-12-07,2022-01-11,2022-02-04,,,312
3450,2021-04-12,2023-10-25,4,4,2021-04-12,,,,2021-11-06,,
3475,2021-06-02,2023-10-25,14,6,2021-06-02,2022-05-16,2022-07-11,2022-08-23,,,505
3525,2021-10-20,2023-10-25,19,6,2021-10-20,2022-07-30,2022-08-22,2022-09-06,,,644
3561,2021-05-18,2023-10-25,9,4,2021-05-18,2022-08-30,,,2021-12-04,,
3569,2021-05-18,2023-10-25,5,4,2021-05-18,,,,2022-11-16,,
3589,2021-06-02,2023-10-25,4,4,2021-06-02,,,,2021-12-25,,
3643,2021-08-24,2023-12-12,9,5,2021-08-24,2023-07-11,2023-11-14,2023-12-12,2022-03-19,,886
3668,2021-07-30,2025-02-25,14,6,2021-07-30,2022-01-08,2022-01-11,2022-02-09,,,570
3722,2021-09-25,2023-10-25,5,4,2021-09-25,2021-12-05,,,2022-11-16,,
3754,2021-09-26,2023-10-25,4,4,2021-09-26,,,,2022-11-16,,
3770,2021-11-16,2024-08-29,8,6,2021-11-16,2023-02-19,,,2023-09-12,,
3772,2021-10-29,2023-10-25,4,4,2021-10-29,,,,2022-11-16,,
4337,2021-10-08,2026-06-02,60,19,2021-10-08,2025-08-26,2026-05-12,2026-06-02,,,1707
4341,2022-01-05,2023-10-25,5,4,2022-01-05,,,,2023-02-04,,
4353,2022-06-24,2023-10-25,4,4,2022-06-24,,,,2023-02-04,,
4361,2021-12-17,2025-08-05,12,9,2021-12-17,2022-07-18,2025-07-15,2025-08-05,2023-02-04,,1394
4393,2021-12-21,2023-10-25,10,5,2021-12-21,,,,2023-09-12,,
4400,2021-12-07,2023-10-25,10,5,2021-12-07,2022-03-22,2022-05-17,2022-05-31,,,213
4430,2022-04-05,2023-10-25,4,4,2022-04-05,,,,2022-11-16,,
4494,2021-12-08,2023-10-25,4,4,2021-12-08,,,,2023-09-12,,
4519,2022-05-26,2023-10-25,11,3,2022-05-26,2022-07-09,2022-11-15,2022-12-13,,,375
4521,2022-01-11,2023-10-25,4,4,2022-01-11,,,,2022-11-18,,
4524,2021-12-21,2023-10-25,4,4,2021-12-21,,,,2022-11-18,,
4527,2022-02-07,2024-05-23,10,5,2022-02-07,2022-11-29,,,2022-11-18,,
4546,2022-01-04,2023-10-25,4,4,2022-01-04,,,,2022-11-18,,
4626,2022-01-07,2024-09-25,41,10,2022-01-07,2022-01-12,2022-02-28,2022-03-17,,,85
4671,2022-03-22,2023-10-25,5,4,2022-03-22,,,,2023-02-04,,
4675,2022-06-11,2023-10-25,4,4,2022-06-11,,,,2023-09-12,,
4799,2022-04-07,2023-10-25,5,4,2022-04-07,2022-05-05,,,2022-11-18,,
4804,2022-05-21,2023-10-25,11,2,2022-05-21,2022-07-13,2023-02-24,2023-03-01,,,380
4824,2022-09-03,2024-06-11,4,3,2022-09-03,2024-06-11,,,,,
4834,2022-04-05,2023-10-25,13,2,2022-04-05,2022-07-13,2022-07-22,2023-01-21,,,333
4883,2022-08-06,2025-02-21,5,2,2022-08-06,,,,,,
4885,2022-03-22,2023-10-25,5,4,2022-03-22,,,,2023-03-20,,
4886,2022-07-07,2023-10-25,4,4,2022-07-07,,,,2023-03-20,,
4906,2022-05-21,2023-10-25,6,5,2022-05-21,2022-05-31,2022-07-20,2022-08-28,,,168
4907,2022-04-07,2023-10-25,13,9,2022-04-07,2022-05-05,2022-05-31,2022-06-28,,,109
4910,2022-09-08,2023-10-25,5,2,2022-09-08,2022-09-20,2023-03-13,2023-07-12,,,485
4931,2022-05-05,2023-10-25,3,3,2022-05-05,,,,2022-11-18,,
4944,2022-04-10,2023-10-25,7,4,2022-04-10,,,,2022-11-18,,
4950,2022-07-26,2023-10-25,6,4,2022-07-26,,,,2023-02-04,,
4955,2022-04-15,2023-10-25,7,4,2022-04-15,2022-10-27,2023-01-25,2023-02-02,,,310
4972,2022-05-07,2023-10-25,5,4,2022-05-07,,,,2023-03-20,,
4973,2022-05-18,2023-10-25,13,3,2022-05-18,2022-08-13,,,,,
4974,2022-05-03,2023-10-25,6,4,2022-05-03,2023-01-25,,,2023-09-12,,
4987,2022-04-23,2023-10-25,7,4,2022-04-23,2022-07-31,,,2023-09-12,,
5005,2022-05-28,2023-10-25,6,3,2022-05-28,2022-09-05,,,2023-09-12,,
5006,2022-05-06,2023-10-25,10,4,2022-05-06,2022-06-28,2022-07-08,2023-04-04,,,357
5007,2022-05-28,2023-10-25,10,5,2022-05-28,2022-07-29,2022-08-28,2023-05-30,,,412
5008,2022-05-01,2023-10-25,8,5,2022-05-01,2022-08-28,2023-05-12,,2023-03-20,,
5018,2022-06-03,2023-10-25,5,3,2022-06-03,2023-02-08,,,2023-02-04,,
5023,2022-10-21,2024-05-23,7,3,2022-10-21,2022-11-18,2022-12-16,2023-01-03,,,340
5050,2022-08-19,2023-11-21,4,4,2022-08-19,,,,2023-03-20,,
5058,2022-08-25,2023-10-25,3,3,2022-08-25,,,,2023-09-12,,
5094,2022-05-31,2023-10-25,3,3,2022-05-31,,,,2023-02-04,,
5095,2022-06-20,2023-10-25,3,3,2022-06-20,,,,2023-02-04,,
5114,2022-06-10,2023-10-25,9,3,2022-06-10,2023-02-05,2023-09-05,,,,
5115,2022-06-14,2024-03-20,6,2,2022-06-14,,,,,,
5131,2022-07-09,2024-04-05,8,4,2022-07-09,,,,2023-02-04,,
5139,2022-06-13,2023-10-25,9,3,2022-06-13,,,,2023-09-02,,
5143,2022-06-28,2023-10-25,3,3,2022-06-28,,,,2023-02-04,,
5164,2022-09-22,2023-10-26,7,4,2022-09-22,2022-10-31,2023-10-26,,,,
5169,2022-08-27,2023-10-25,8,4,2022-08-27,2023-03-30,2023-05-04,2023-06-06,2023-03-20,,399
5173,2022-07-22,2024-12-23,8,2,2022-07-22,,,,,,
5185,2022-07-04,2024-04-05,4,4,2022-07-04,,,,2023-02-04,,
5187,2022-08-30,2023-10-25,5,3,2022-08-30,,,,2023-09-12,,
5189,2022-07-13,2024-05-07,18,5,2022-07-13,,,,2023-02-04,,
5192,2022-08-01,2023-10-25,8,5,,2022-08-01,2022-08-29,2022-09-18,,,79
5202,2022-07-15,2023-10-25,6,2,2022-07-15,2022-11-16,2023-05-18,2023-07-11,,,383
5216,2022-09-01,2024-01-07,5,2,2022-09-01,2022-09-04,2022-10-26,,,,
5218,2022-07-20,2023-10-25,5,3,2022-07-20,,,,2023-09-12,,
5219,2022-07-28,2023-10-25,11,3,2022-07-28,2022-12-25,2023-03-13,2023-04-04,,,268
5247,2022-07-16,2026-04-10,7,3,2022-07-16,2023-09-12,,,2023-09-12,,
5252,2022-09-05,2024-05-23,6,4,2022-09-05,2023-03-22,,,2023-10-14,,
5267,2022-07-15,2023-10-25,7,2,2022-07-15,2022-07-22,2023-01-10,2023-02-09,,,210
5269,2022-08-16,2026-04-10,13,3,2022-08-16,2023-01-16,,,2023-09-12,,
5289,2022-08-09,2024-04-05,9,4,2022-08-09,2023-02-02,,,,,
5298,2022-11-15,2026-04-10,5,3,2022-11-15,2023-01-20,,,2023-09-12,,
5313,2022-07-22,2023-10-25,5,2,2022-07-22,2022-07-22,2022-08-02,2022-08-17,,,26
5334,2022-08-29,2023-10-25,3,3,2022-08-29,,,,2023-09-12,,
5375,2022-08-09,2023-10-25,7,2,2022-08-09,2022-08-23,2022-10-24,2022-11-09,,,102
5380,2022-09-03,2023-10-25,9,3,2022-09-03,2022-12-27,2023-02-23,2023-03-30,,,384
5409,2022-08-12,2023-10-25,3,3,2022-08-12,,,,2023-03-20,,
5437,2022-08-28,2026-04-10,4,3,2022-08-28,,,,2023-09-12,,
5453,2022-08-28,2026-04-10,10,4,2022-08-28,2023-09-12,2023-09-13,,2023-09-12,,
5484,2022-08-25,2023-10-25,6,3,2022-08-25,2022-09-06,2022-10-25,2022-11-15,,,90
5485,2022-08-18,2026-04-10,12,3,2022-08-18,2025-12-02,,,2023-03-20,,
5489,2022-08-25,2023-10-25,5,2,2022-08-25,2022-11-14,2022-11-19,2022-12-17,,,123
5496,2022-08-29,2023-10-25,4,2,2022-08-29,2022-09-20,2022-11-17,,,,
5501,2022-08-24,2023-10-25,3,3,2022-08-24,,,,2023-09-12,,
5505,2022-08-25,2023-10-25,3,3,2022-08-25,,,,2023-03-20,,
5507,2022-09-03,2023-10-25,16,3,2022-09-03,2023-01-10,2023-04-18,2023-05-16,,,270
5516,2022-08-25,2026-06-23,11,4,2022-08-25,2022-08-29,,,2023-09-12,,
5521,2022-08-26,2024-06-12,12,4,2022-08-26,2023-10-27,2024-05-25,2024-06-12,2023-03-20,,672
5528,2022-08-31,2023-10-25,8,2,2022-08-31,2022-09-07,2022-09-18,2022-11-09,,,85
5539,2022-09-15,2023-10-25,3,3,2022-09-15,,,,2023-09-12,,
5553,2022-09-01,2023-10-25,7,3,2022-09-01,2022-10-02,,,2023-09-12,,
5554,2022-09-16,2023-10-25,3,3,2022-09-16,,,,2023-09-12,,
5559,2022-08-31,2025-06-25,4,4,2022-08-31,,,,2023-03-20,,
5560,2022-09-01,2023-10-25,3,3,2022-09-01,,,,2023-03-20,,
5564,2022-09-05,2026-01-23,20,7,2022-09-05,2023-10-25,2024-04-16,2024-05-28,,,654
5568,2022-11-02,2023-10-25,6,3,2022-11-02,2022-12-25,,,,,
5570,2022-09-17,2023-10-25,10,2,2022-09-17,2023-01-10,2023-05-03,2023-05-31,,,272
5573,2022-11-04,2024-03-08,6,6,2022-11-04,,,,,,
5585,2022-10-19,2024-05-22,11,4,2022-10-19,2023-02-24,2023-09-13,2024-02-06,,,540
5604,2022-09-06,2026-04-10,8,3,2022-09-06,2023-01-17,,,2023-09-12,,
5606,2022-09-27,2023-10-25,6,2,2022-09-27,2022-11-01,2022-12-25,2023-03-17,,,192
5615,2022-09-16,2023-10-25,11,3,2022-09-16,2022-11-25,2023-04-24,2023-05-16,,,-9
5625,2022-09-16,2024-12-07,7,5,2022-09-16,2023-02-09,2024-10-24,2024-12-07,2023-09-12,,821
5630,2022-09-16,2024-07-23,10,5,2022-09-16,,,,2023-09-12,,
5633,2022-09-15,2023-10-25,3,3,2022-09-15,,,,2023-03-20,,
5635,2022-09-15,2023-10-25,3,3,2022-09-15,,,,2023-09-12,,
5639,2022-09-16,2023-10-25,6,3,2022-09-16,2023-04-04,,,,,
5643,2022-09-10,2023-10-25,9,3,2022-09-10,2022-10-02,,,2023-09-12,,
5646,2022-09-15,2023-10-25,6,2,2022-09-15,2022-09-20,2022-12-13,2023-01-24,,,135
5679,2022-09-19,2023-10-25,9,2,2022-09-19,2022-09-28,2022-10-27,2022-11-10,,,54
5700,2023-01-17,2023-10-25,3,2,2023-01-17,,,,,,
5719,2022-11-25,2023-10-25,3,3,2022-11-25,,,,2023-09-12,,
5725,2022-11-25,2025-07-16,7,4,2022-11-25,2023-04-24,2023-08-29,2023-09-05,,,362
5727,2022-10-19,2024-01-30,8,2,2022-10-19,,,,,,
5732,2022-10-06,2023-10-25,9,2,,2022-10-06,2022-10-27,2022-11-13,,,45
5744,2022-12-16,2023-10-25,3,3,2022-12-16,,,,2023-09-12,,
5750,2022-10-15,2023-10-25,7,3,2022-10-15,2022-10-31,2022-11-05,2022-11-19,,,46
5753,2022-11-25,2023-10-25,3,3,2022-11-25,,,,2023-09-12,,
5773,2022-11-25,2023-10-25,13,4,2022-11-25,2022-12-05,2023-03-08,2023-04-14,,,186
5791,2022-10-23,2024-09-23,5,4,2022-10-23,,,,,,
5805,2023-01-06,2023-10-25,7,5,2023-01-06,2023-02-21,,,2023-09-12,,
5827,2022-11-16,2023-10-25,4,3,2022-11-16,,,,2023-09-30,,
5850,2022-12-14,2025-07-16,4,4,2022-12-14,,,,2023-09-12,,
5851,2023-01-15,2023-10-25,3,3,2023-01-15,,,,2023-09-12,,
5883,2023-02-24,2023-10-25,3,3,2023-02-24,,,,2023-09-12,,
5902,2022-12-26,2023-10-25,5,3,2022-12-26,,,,2023-09-12,,
5982,2023-01-04,2026-04-10,6,3,2023-01-04,2023-01-17,,,2023-09-12,,
6047,2023-02-24,2026-04-10,4,3,2023-02-24,,,,2023-09-12,,
6059,2022-12-15,2023-10-25,13,4,2022-12-15,2023-01-04,2023-03-08,2023-04-14,,,150
6065,2023-02-05,2023-10-25,4,2,2023-02-05,2023-05-19,,,,,
6066,2023-01-30,2023-10-25,6,2,2023-01-30,2023-03-01,2023-07-03,2023-07-11,,,224
6093,2022-12-13,2025-06-09,12,4,2022-12-13,,2023-06-13,2025-06-09,,,916
6105,2023-02-12,2025-03-13,10,5,2023-02-12,2023-03-09,2023-04-04,2023-05-16,,,165
6120,2023-01-03,2025-09-09,17,3,,2023-01-03,,,,,
6123,2022-12-26,2026-06-20,20,5,2022-12-26,,,,2023-09-12,,
6147,2023-01-11,2023-10-25,7,2,2023-01-11,2023-02-07,2023-02-21,2023-03-07,,,90
6150,2022-12-26,2023-10-25,8,3,2022-12-26,2023-01-04,2023-01-24,2023-02-08,,,55
6170,2022-12-25,2023-10-25,8,3,2022-12-25,,,,,,
6220,2023-01-20,2025-04-16,9,4,2023-01-20,2023-01-30,2023-04-04,2023-04-18,,,119
6224,2023-01-16,2025-07-08,5,3,2023-01-16,2024-02-06,2025-07-08,,2023-09-12,,
6229,2024-06-08,2024-06-08,1,1,2024-06-08,,,,,,
6239,2023-05-30,2023-10-25,5,2,2023-05-30,2023-06-13,2023-06-30,2023-07-11,,,193
6268,2023-02-13,2023-10-25,3,3,2023-02-13,,,,2023-09-12,,
6315,2023-02-21,2023-10-25,9,3,2023-02-21,2023-10-23,,,,,
6327,2023-04-10,2023-10-25,2,2,2023-04-10,,,,,,
6353,2023-02-05,2026-02-07,4,4,2023-02-05,,,,2023-09-12,,
6357,2023-02-23,2026-05-13,8,3,2023-02-23,2023-04-04,2023-10-26,,,,
6358,2023-03-06,2025-05-28,7,4,2023-03-06,2023-03-29,,,,,
6366,2023-02-22,2023-10-25,5,3,2023-02-22,2023-10-24,,,2023-10-14,,
6372,2023-01-25,2023-10-25,4,3,2023-01-25,2023-02-01,,,,,
6381,2023-02-07,2025-04-02,13,4,2023-02-07,2023-02-21,2023-04-18,2023-07-03,,,162
6384,2023-01-31,2024-04-05,6,5,2023-01-31,,,,2023-09-12,,
6454,2023-02-07,2023-10-25,14,3,2023-02-07,2023-02-21,2023-03-21,2023-05-30,,,119
6464,2023-03-03,2023-10-25,3,3,2023-03-03,,,,2023-10-07,,
6492,2023-02-24,2023-10-25,16,5,2023-02-24,2023-03-10,2023-08-05,2023-09-05,,,207
6506,2023-03-21,2025-11-24,5,5,2023-03-21,,,,2023-10-14,,
6538,2023-02-24,2024-06-25,6,4,2023-02-24,2024-04-09,2024-05-28,2024-06-25,2023-09-12,,518
6551,2023-02-24,2024-05-29,17,7,2023-02-24,2023-08-08,,,,,
6596,2023-03-06,2023-11-28,4,3,2023-03-06,2023-11-28,,,2023-09-30,,
6604,2023-09-13,2023-10-25,2,2,2023-09-13,,,,,,
6617,2023-03-09,2023-10-25,4,3,2023-03-09,2023-09-14,,,,,
6662,2023-03-28,2023-10-25,2,2,2023-03-28,,,,,,
6672,2023-04-04,2024-05-22,7,5,2023-04-04,2023-04-18,2023-05-02,2023-05-16,,,84
6682,2023-07-28,2023-10-25,2,2,2023-07-28,,,,,,
6734,2023-09-13,2024-10-01,3,2,2023-09-13,2024-10-01,,,,,
6735,2023-08-08,2024-09-17,3,2,2023-08-08,2024-09-17,,,,,
6785,2023-06-08,2023-10-25,2,2,2023-06-08,,,,,,
6786,2023-05-20,2026-02-09,3,3,2023-05-20,,,,,,
6787,2023-05-24,2023-10-25,2,2,2023-05-24,,,,,,
6806,2023-06-03,2023-10-25,2,2,2023-06-03,,,,,,
6808,2023-05-02,2023-10-25,5,3,2023-05-02,2023-05-30,2023-09-12,2023-10-11,,,194
6809,2023-05-02,2023-10-25,5,3,2023-05-02,2023-05-30,2023-09-12,2023-10-11,,,194
6821,2023-05-04,2023-10-25,2,2,2023-05-04,,,,,,
6823,2023-05-30,2023-10-25,2,2,2023-05-30,,,,,,
6860,2023-10-18,2025-01-08,7,4,2023-10-18,,,,,,
6864,2023-09-18,2023-10-25,2,2,2023-09-18,,,,,,
6865,2023-05-20,2023-10-25,2,2,2023-05-20,,,,,,
6900,2023-05-04,2025-03-21,30,11,2023-05-04,,,,,,
6909,2023-06-02,2025-09-23,19,6,2023-06-02,2024-10-01,2025-09-04,2025-09-23,,,888
6932,2024-04-15,2025-06-16,2,2,2024-04-15,,,,,,
6944,2023-05-30,2023-10-25,2,2,2023-05-30,,,,,,
6956,2023-05-20,2024-04-05,6,5,2023-05-20,2023-12-11,,,,,
6960,2023-06-09,2026-03-07,3,2,2023-06-09,,,,,,
6981,2023-05-30,2024-04-05,4,3,2023-05-30,,,,,,
6982,2023-06-08,2023-12-12,8,3,2023-06-08,2023-08-08,2023-11-14,2023-12-12,,,224
6997,2023-06-02,2025-06-11,4,3,2023-06-02,2023-06-13,,,,,
7007,2023-06-20,2024-10-01,5,3,2023-06-20,2024-03-05,2024-08-20,2024-10-01,,,510
7015,2023-06-01,2025-01-24,8,5,2023-06-01,2024-06-25,,,,,
7053,2023-06-19,2024-04-05,6,3,2023-06-19,2023-06-30,2023-09-08,2023-10-05,,,136
7066,2023-06-26,2023-12-12,6,4,2023-06-26,2023-07-30,2023-11-14,2023-12-12,,,201
7085,2023-09-22,2023-10-25,3,2,2023-09-22,,,,,,
7087,2024-02-09,2024-02-09,1,1,2024-02-09,,,,,,
7092,2023-07-25,2025-11-21,8,5,2023-07-25,2023-11-14,2024-01-24,2024-03-05,,,282
7093,2023-07-05,2023-10-25,3,2,2023-07-05,,,,,,
7144,2023-06-02,2023-10-25,5,2,2023-06-02,2023-06-13,,,,,
7160,2023-07-11,2023-11-28,7,4,2023-07-11,2023-09-05,2023-11-14,2023-11-28,,,172
7196,2024-01-09,2024-01-09,1,1,2024-01-09,,,,,,
7201,2023-06-22,2024-04-22,15,4,2023-06-22,2023-09-22,2023-10-18,2023-11-28,,,161
7204,2024-01-09,2024-01-09,1,1,2024-01-09,,,,,,
7208,2024-01-18,2025-07-16,15,3,2024-01-18,2024-09-25,2024-12-31,2025-01-24,,,595
7231,2023-08-08,2024-04-10,6,3,2023-08-08,2023-09-13,2023-11-16,2024-02-06,,,226
7246,2024-01-12,2026-01-06,3,2,2024-01-12,2025-12-02,,,,,
7254,2023-10-27,2023-10-30,2,2,2023-10-27,,,,,,
7272,2024-02-09,2024-02-09,1,1,2024-02-09,,,,,,
7280,2024-09-11,2024-09-11,1,1,2024-09-11,,,,,,
7291,2024-03-12,2025-10-08,7,4,2024-03-12,2025-05-14,2025-05-28,2025-10-08,,,837
7303,2023-08-09,2024-08-11,5,2,2023-08-09,,,,,,
7390,2024-04-22,2024-04-22,1,1,2024-04-22,,,,,,
7399,2024-04-09,2025-06-10,4,2,2024-04-09,2025-06-10,,,,,
7401,2022-12-15,2023-10-25,19,5,2022-12-15,2023-01-04,2023-03-08,2023-04-14,,,-103
7405,2023-08-20,2023-10-25,2,2,2023-08-20,,,,,,
7406,2023-09-05,2023-10-25,2,2,2023-09-05,,,,,,
7409,2023-02-07,2023-10-25,19,4,2023-02-07,2023-02-21,2023-04-18,2023-07-03,,,-23
7410,2023-11-29,2026-03-07,2,2,2023-11-29,,,,,,
7412,2023-08-23,2025-03-16,5,2,2023-08-23,,,,,,
7417,2023-10-18,2026-04-07,6,3,2023-10-18,2024-10-29,,,,,
7425,2023-09-05,2026-02-26,5,3,2023-09-05,,,,,,
7432,2023-08-22,2024-09-26,10,3,2023-08-22,2023-08-23,2023-09-12,2024-09-26,,,440
7439,2023-11-27,2024-01-09,5,2,2023-11-28,2023-11-28,2023-12-12,2024-01-09,,,165
7444,2023-08-07,2023-10-25,4,3,2023-08-07,,,,,,
7484,2023-10-18,2024-06-04,5,2,2023-10-18,,,,,,
7496,2023-11-29,2026-01-07,9,1,2023-11-29,,,,,,
7498,2023-11-29,2023-11-29,1,1,2023-11-29,,,,,,
7506,2023-11-30,2024-04-26,2,2,2023-11-30,,,,,,
7507,2023-09-22,2025-09-08,3,3,2023-09-22,,,,,,
7508,2023-09-05,2025-07-23,10,6,2023-09-05,,,,,,
7509,2023-11-21,2023-11-21,1,1,2023-11-21,,,,,,
7510,2023-12-05,2023-12-05,1,1,2023-12-05,,,,,,
7511,2023-09-08,2023-10-25,2,2,2023-09-08,,,,,,
7512,2023-09-08,2023-10-25,5,3,2023-09-08,,,,,,
7513,2023-12-10,2023-12-10,1,1,2023-12-10,,,,,,
7517,2023-11-28,2023-11-28,2,2,2023-11-28,,,,,,
7518,2024-06-18,2025-12-02,2,2,2024-06-18,2025-12-02,,,,,
7521,2023-10-05,2024-12-12,7,3,2023-10-05,,,,,,
7522,2023-09-23,2023-10-25,2,2,2023-09-23,,,,,,
7524,2024-04-17,2024-04-17,1,1,2024-04-17,,,,,,
7527,2024-02-02,2025-01-07,7,1,2024-02-02,,,,,,
7528,2023-10-18,2025-02-19,7,3,2023-10-18,2023-10-26,2024-02-19,2024-04-02,,,182
7529,2023-12-18,2024-03-28,3,1,2023-12-18,,,,,,
7531,2023-12-07,2024-04-15,6,1,2023-12-07,2024-02-06,,,,,
7533,2024-02-03,2024-02-03,1,1,2024-02-03,,,,,,
7535,2023-10-26,2024-04-02,4,1,2023-10-26,2023-11-28,2024-02-20,2024-04-02,,,173
7538,2024-01-09,2024-01-09,1,1,2024-01-09,,,,,,
7540,2023-10-26,2024-12-03,21,4,2023-10-26,2023-11-15,2024-06-11,2024-06-25,,,251
7546,2024-04-09,2024-04-09,1,1,2024-04-09,,,,,,
7548,2023-12-06,2023-12-06,1,1,2023-12-06,,,,,,
7555,2024-06-28,2024-12-24,2,2,2024-06-28,,,,,,
7561,2024-02-03,2024-02-03,1,1,2024-02-03,,,,,,
7562,2024-02-27,2025-05-18,17,4,2024-02-27,,,,,,
7564,2024-03-12,2024-03-12,1,1,2024-03-12,,,,,,
7565,2024-03-12,2024-03-12,1,1,2024-03-12,,,,,,
7566,2024-02-13,2024-02-13,1,1,2024-02-13,,,,,,
7572,2024-01-09,2024-04-06,3,1,2024-01-09,,,,,,
7573,2024-03-20,2026-02-09,11,2,2024-03-20,,,,,,
7574,2026-05-27,2026-05-27,1,1,2026-05-27,,,,,,
7575,2024-02-20,2024-06-11,10,2,2024-02-20,2024-04-16,2024-05-28,2024-06-11,,,183
7578,2024-04-18,2025-01-24,13,3,2024-04-18,2024-07-09,2024-12-31,2025-01-24,,,542
7579,2024-01-30,2025-03-01,13,5,2024-01-30,,,,,,
7580,2024-04-25,2024-04-25,1,1,2024-04-25,,,,,,
7582,2024-06-14,2024-06-14,1,1,2024-06-14,,,,,,
7585,2024-04-15,2024-08-30,2,2,2024-04-15,,,,,,
7586,2024-03-19,2024-07-09,2,1,2024-03-19,2024-07-09,,,,,
7588,2024-05-13,2024-09-03,4,2,2024-05-13,2024-06-25,2024-08-20,2024-09-03,,,246
7589,2024-04-02,2024-04-02,1,1,2024-04-02,,,,,,
7590,2024-01-09,2024-03-05,5,1,2024-01-09,2024-03-05,,,,,
7595,2024-07-22,2024-07-22,1,1,2024-07-22,,,,,,
7597,2024-07-03,2025-06-06,2,2,2024-07-03,,,,,,
7598,2024-03-28,2025-11-24,2,2,2024-03-28,,,,,,
7603,2024-08-27,2024-08-27,1,1,2024-08-27,,,,,,
7604,2024-05-27,2024-05-27,1,1,2024-05-27,,,,,,
7613,2024-08-27,2024-08-27,1,1,2024-08-27,,,,,,
7615,2024-06-13,2024-06-27,2,1,2024-06-13,,,,,,
7617,2024-04-15,2024-04-15,1,1,2024-04-15,,,,,,
7618,2024-05-23,2024-05-27,2,1,2024-05-23,,,,,,
7621,2024-04-09,2026-03-25,4,2,2024-04-09,,,,,,
7627,2024-02-21,2025-12-17,9,2,2024-02-21,2024-09-03,2025-02-09,2025-12-17,,,667
7628,2024-04-16,2024-09-03,2,1,2024-04-16,2024-09-03,,,,,
7629,2024-06-19,2024-06-19,1,1,2024-06-19,,,,,,
7631,2024-03-03,2025-07-16,8,2,2024-03-03,2024-08-02,2025-04-30,2025-07-16,,,511
7632,2024-03-11,2026-04-10,3,1,2024-03-11,,,,,,
7634,2024-06-05,2026-01-23,4,1,2024-06-05,2025-05-14,2025-12-03,2026-01-23,,,701
7638,2024-04-16,2024-04-16,1,1,2024-04-16,,,,,,
7641,2024-05-31,2024-05-31,1,1,2024-05-31,,,,,,
7644,2024-04-16,2024-06-12,3,1,2024-04-16,,,,,,
7649,2024-05-28,2024-05-28,1,1,2024-05-28,,,,,,
7651,2024-03-28,2024-03-28,1,1,2024-03-28,,,,,,
7652,2025-04-07,2025-04-07,1,1,2025-04-07,,,,,,
7654,2024-06-11,2025-09-02,3,1,2024-06-11,,,,,,
7656,2024-04-14,2026-02-03,17,1,2024-04-14,2024-09-03,2024-12-16,2026-02-03,,,690
7662,2024-10-14,2025-10-26,2,2,2024-10-14,,,,,,
7673,2024-06-03,2026-04-07,3,1,2024-06-03,2026-04-07,,,,,
7674,2025-03-06,2026-01-08,2,2,2025-03-06,2026-01-08,,,,,
7677,2024-06-06,2025-05-14,9,2,2024-06-06,2024-08-15,2024-08-20,,,,
7679,2024-06-11,2024-06-11,1,1,2024-06-11,,,,,,
7681,2024-05-28,2024-05-28,1,1,2024-05-28,,,,,,
7682,2024-06-07,2025-08-14,3,2,2024-06-07,,,,,,
7683,2024-04-12,2026-05-13,8,6,2024-04-12,,,,,,
7694,2024-11-29,2024-11-29,1,1,2024-11-29,,,,,,
7695,2024-08-16,2024-08-16,1,1,2024-08-16,,,,,,
7699,2024-10-29,2024-11-12,2,1,2024-10-29,,,,,,
7700,2024-06-14,2024-06-19,3,1,2024-06-14,,,,,,
7710,2024-12-12,2025-06-10,2,2,2024-12-12,,,,,,
7715,2025-02-19,2026-01-16,3,3,2025-02-19,,,,,,
7720,2024-06-11,2024-06-12,3,1,2024-06-11,,,,,,
7721,2023-06-26,2024-07-09,7,4,2023-06-26,2023-07-30,2023-11-14,2023-12-12,,,201
7722,2024-10-14,2024-12-06,3,2,2024-10-14,,,,,,
7726,2024-08-20,2024-09-13,2,2,2024-08-20,,,,,,
7729,2024-10-14,2024-10-14,1,1,2024-10-14,,,,,,
7730,2025-03-11,2026-04-14,21,9,2025-03-11,,,,,,
7734,2024-12-16,2025-01-25,4,1,2024-12-16,2024-12-24,2025-01-07,2025-01-25,,,213
7738,2024-08-05,2024-10-23,3,1,2024-08-05,,,,,,
7739,2024-10-14,2025-06-17,4,3,2024-10-14,,,,,,
7741,2024-07-23,2024-09-27,2,1,2024-07-23,,,,,,
7743,2024-11-26,2025-05-28,7,2,2024-11-26,2025-02-09,2025-05-14,2025-05-28,,,319
7744,2024-09-03,2025-07-16,4,1,2024-09-03,2025-01-25,2025-07-16,,,,
7746,2024-09-03,2025-07-16,3,1,2024-09-03,2024-12-23,2025-07-16,,,,
7750,2025-01-01,2025-02-09,2,1,2025-01-01,2025-02-09,,,,,
7751,2024-09-29,2025-02-11,6,1,2024-09-29,2024-12-06,2025-01-07,2025-02-11,,,189
7754,2024-09-17,2025-08-22,4,3,2024-09-17,,,,,,
7758,2020-09-30,2024-09-17,8,5,2020-09-30,2024-09-17,,,2021-10-16,,
7760,2024-08-27,2024-08-27,1,1,2024-08-27,,,,,,
7765,2025-01-18,2025-01-18,1,1,2025-01-18,,,,,,
7766,2024-10-29,2026-06-06,2,1,2024-10-29,,,,,2026-06-06,
7769,2024-10-29,2025-03-02,4,1,2024-10-29,,,,,,
7770,2025-08-21,2025-08-21,1,1,2025-08-21,,,,,,
7774,2024-12-12,2024-12-12,1,1,2024-12-12,,,,,,
7776,2024-10-29,2025-08-05,2,1,2024-10-29,2025-08-05,,,,,
7777,2024-10-29,2025-01-08,3,2,2024-10-29,2025-01-08,,,,,
7779,2024-12-10,2025-01-20,2,1,2024-12-10,,,,,,
7780,2024-12-31,2025-12-15,3,3,2024-12-31,,,,,,
7785,2025-03-13,2025-03-13,1,1,2025-03-13,,,,,,
7786,2024-12-04,2026-03-06,7,3,2024-12-04,,2025-08-20,2026-03-06,,,508
7787,2024-12-10,2024-12-10,1,1,2024-12-10,,,,,,
7794,2024-10-29,2024-10-29,1,1,2024-10-29,,,,,,
7795,2025-01-30,2025-01-30,1,1,2025-01-30,,,,,,
7796,2024-10-29,2026-06-03,4,1,2024-10-29,2026-06-02,,,,,
7802,2025-03-03,2025-04-15,2,1,2025-03-03,,,,,,
7803,2024-12-09,2024-12-09,1,1,2024-12-09,,,,,,
7806,2025-04-28,2025-04-28,1,1,2025-04-28,,,,,,
7811,2025-04-02,2025-06-10,2,2,2025-04-02,,,,,,
7812,2025-02-07,2025-06-26,5,1,2025-02-07,2025-06-26,,,,,
7813,2025-03-20,2026-06-02,3,3,2025-03-20,2025-06-10,2026-06-02,,,,
7818,2024-12-10,2025-02-18,4,2,2024-12-10,2025-01-07,2025-01-25,2025-02-18,,,97
7820,2024-12-10,2025-01-25,4,2,2024-12-10,2024-12-23,2025-01-07,2025-01-25,,,67
7821,2024-12-13,2025-06-05,8,3,2024-12-13,,,,,,
7827,2025-11-25,2025-11-25,1,1,2025-11-25,,,,,,
7828,2025-07-10,2026-04-28,14,6,2025-07-10,2025-10-17,2025-10-10,,,,
7829,2025-03-13,2025-09-10,3,2,2025-03-13,2025-09-10,,,,,
7831,2025-01-22,2025-01-22,1,1,2025-01-22,,,,,,
7832,2025-05-13,2026-03-03,2,1,2025-05-13,2026-03-03,,,,,
7836,2025-07-10,2025-10-29,3,1,2025-07-10,,,,,,
7837,2025-02-09,2025-05-28,5,2,2025-02-09,2025-04-02,2025-04-30,2025-05-28,,,172
7841,2026-01-15,2026-02-09,2,2,2026-01-15,,,,,,
7845,2025-06-30,2025-06-30,1,1,2025-06-30,,,,,,
7846,2025-07-08,2025-07-08,1,1,2025-07-08,,,,,,
7847,2025-05-13,2025-12-17,3,2,2025-05-13,,,,,,
7856,2025-03-20,2025-03-20,1,1,2025-03-20,,,,,,
7857,2025-06-17,2025-11-04,6,1,2025-06-17,2025-09-10,2025-09-24,2025-11-04,,,306
7858,2025-03-20,2025-09-09,7,2,2025-03-20,2025-05-13,2025-08-05,2025-09-09,,,614
7861,2025-06-30,2025-06-30,1,1,2025-06-30,,,,,,
7866,2025-05-27,2026-01-06,2,1,2025-05-27,2026-01-06,,,,,
7871,2025-04-28,2025-04-28,1,1,2025-04-28,,,,,,
7876,2026-01-09,2026-01-10,2,1,2026-01-09,,,,,,
7878,2025-04-29,2025-09-09,4,1,2025-04-29,2025-05-13,2025-07-29,2025-09-09,,,220
7884,2025-03-10,2025-03-25,2,2,2025-03-10,,,,,,
7887,2025-03-18,2025-03-18,1,1,2025-03-18,,,,,,
7888,2025-06-10,2026-02-20,8,4,2025-06-10,,,,,,
7891,2025-06-11,2025-06-11,1,1,2025-06-11,,,,,,
7893,2025-09-15,2026-02-24,4,1,2025-09-15,2026-01-13,2026-02-10,2026-02-24,,,390
7895,2025-06-30,2025-06-30,1,1,2025-06-30,,,,,,
7897,2025-03-13,2025-03-22,2,1,2025-03-13,,,,,2025-03-22,
7902,2025-06-16,2025-06-16,1,1,2025-06-16,,,,,,
7908,2025-06-17,2025-12-13,4,1,2025-06-17,2025-09-10,2025-11-05,2025-12-13,,,281
7913,2025-04-07,2025-12-16,7,2,2025-04-07,2025-06-10,2025-07-29,2025-12-16,,,270
7920,2025-05-13,2025-05-13,1,1,2025-05-13,,,,,,
7929,2025-05-27,2025-05-27,1,1,2025-05-27,,,,,,
7930,2025-07-08,2026-05-25,9,5,2025-07-08,2026-04-28,,,,,
7936,2025-06-16,2025-10-14,2,1,2025-06-16,2025-10-14,,,,,
7943,2025-06-25,2026-05-05,12,4,2025-06-25,2025-07-29,2026-01-13,2026-05-05,,,329
7945,2026-01-29,2026-04-15,2,1,2026-01-29,2026-04-15,,,,,
7946,2025-08-22,2025-08-22,1,1,2025-08-22,,,,,,
7947,2025-06-19,2025-08-11,3,1,2025-06-19,,,,,,
7950,2025-09-17,2025-10-07,2,1,,,2025-09-17,2025-10-07,,,138
7955,2025-08-12,2025-08-19,3,3,2025-08-12,,,,,,
7962,2025-12-05,2025-12-16,3,1,2025-12-05,,,,,,
7964,2025-06-25,2026-05-27,6,1,2025-06-25,,,,,,
7965,2025-07-11,2025-07-11,1,1,2025-07-11,,,,,,
7968,2025-07-11,2025-07-11,1,1,2025-07-11,,,,,,
7969,2025-09-09,2025-09-09,1,1,2025-09-09,,,,,,
7984,2025-11-21,2026-05-14,6,2,2025-11-21,,,,,,
7985,2025-08-05,2025-08-05,1,1,2025-08-05,,,,,,
7988,2025-11-21,2025-11-21,1,1,2025-11-21,,,,,,
7992,2026-01-16,2026-01-16,1,1,2026-01-16,,,,,,
7994,2025-11-26,2026-01-23,4,1,2025-11-26,2025-12-02,2025-12-16,2026-01-23,,,178
7996,2025-12-04,2025-12-04,1,1,2025-12-04,,,,,,
8000,2025-11-19,2025-11-19,1,1,2025-11-19,,,,,,
8001,2025-09-09,2025-12-16,5,1,2025-09-09,2025-10-07,2025-12-02,2025-12-16,,,136
8002,2025-11-19,2025-11-19,1,1,2025-11-19,,,,,,
8004,2025-08-18,2026-01-25,7,3,2025-08-18,2025-10-08,,,,,
8017,2025-11-25,2025-11-25,1,1,2025-11-25,,,,,,
8019,2025-12-01,2026-02-10,2,1,2025-12-01,2026-02-10,,,,,
8023,2025-11-05,2025-12-02,2,1,2025-11-05,,,,,,
8033,2025-12-02,2026-01-10,2,1,2025-12-02,,,,,,
8034,2026-01-13,2026-03-04,4,1,2026-01-13,2026-01-28,2026-02-04,2026-03-04,,,153
8040,2026-05-29,2026-05-29,1,1,2026-05-29,,,,,,
8041,2026-02-17,2026-03-05,2,1,2026-02-17,,,,,,
8042,2025-10-20,2025-12-07,6,1,2025-10-20,2025-11-11,2025-11-20,2025-12-07,,,57
8047,2026-06-10,2026-06-10,1,1,2026-06-10,,,,,,
8048,2026-02-24,2026-06-22,7,2,2026-02-24,,,,,,
8049,2026-02-04,2026-04-10,3,2,2026-02-04,,,,,,
8054,2026-06-01,2026-06-01,1,1,2026-06-01,,,,,,
8056,2025-12-04,2026-06-16,5,1,2025-12-04,,,,,,
8063,2026-01-29,2026-04-01,4,1,2026-01-29,2026-02-11,2026-03-11,2026-04-01,,,155
8065,2026-01-12,2026-02-09,2,2,2026-01-12,,,,,,
8074,2026-01-16,2026-01-16,1,1,2026-01-16,,,,,,
8084,2026-05-25,2026-05-25,1,1,2026-05-25,,,,,,
8085,2026-05-30,2026-05-30,1,1,2026-05-30,,,,,,
8086,2026-05-30,2026-05-30,1,1,2026-05-30,,,,,,
8092,2026-01-20,2026-01-20,1,1,2026-01-20,,,,,,
8100,2026-06-02,2026-06-20,2,1,2026-06-02,,,,,,
8106,2026-01-23,2026-01-23,1,1,2026-01-23,,,,,,
8107,2026-01-13,2026-02-09,2,2,2026-01-13,,,,,,
8109,2025-12-28,2026-03-10,14,2,2025-12-28,,,,,2026-02-15,
8110,2026-01-02,2026-02-26,7,2,2026-01-02,,,,,,
8111,2026-01-07,2026-03-10,3,1,2026-01-07,2026-02-10,,,,,
8113,2026-01-27,2026-01-27,1,1,2026-01-27,,,,,,
8117,2026-01-08,2026-04-10,4,1,2026-01-08,,,,,,
8119,2026-01-27,2026-02-23,4,1,2026-01-27,,,,,,
8121,2026-01-23,2026-02-05,2,1,2026-01-23,,,,,,
8122,2026-02-24,2026-02-24,1,1,2026-02-24,,,,,,
8126,2026-02-10,2026-06-02,5,1,2026-02-10,2026-04-14,2026-05-12,2026-06-02,,,138
8127,2026-02-24,2026-02-24,1,1,2026-02-24,,,,,,
8152,2026-02-17,2026-05-07,2,1,2026-02-17,2026-05-07,,,,,
8153,2026-02-15,2026-02-20,2,2,2026-02-15,,,,,,
8161,2026-02-24,2026-06-02,3,1,2026-02-24,2026-04-14,2026-06-02,,,,
8167,2026-03-09,2026-04-14,2,1,2026-03-09,2026-04-14,,,,,
8179,2026-05-19,2026-05-19,1,1,2026-05-19,,,,,,
8180,2026-05-19,2026-06-23,4,2,2026-05-19,,,,,,
8183,2026-03-05,2026-03-13,2,2,2026-03-05,,,,,,
8196,2026-04-22,2026-06-16,2,1,2026-04-22,2026-06-16,,,,,
8199,2026-04-07,2026-04-08,3,1,2026-04-07,,,,,,
8217,2026-06-02,2026-06-02,1,1,2026-06-02,,,,,,
8226,2026-05-12,2026-05-12,1,1,2026-05-12,,,,,,
8255,2026-05-06,2026-05-19,7,1,2026-05-06,,,,,,
8257,2026-05-20,2026-06-10,2,2,2026-05-20,,,,,,
8273,2026-06-12,2026-06-12,1,1,2026-06-12,,,,,,
8290,2026-06-09,2026-06-09,1,1,2026-06-09,,,,,,
